block_height,txs
2800,0,1621572885.35
2801,0,1.038
2802,0,1.046
2803,8,1.046
2804,41,1.037
2805,33,1.037
2806,0,1.045
2807,27,1.045
2808,49,1.044
2809,0,1.046
2810,10,1.038
2811,55,1.037
2812,32,1.044
2813,0,1.045
2814,51,1.044
2815,37,1.053
2816,31,1.037
2817,17,1.036
2818,47,1.045
2819,34,1.052
2820,0,1.039
2821,32,1.053
2822,44,1.036
2823,0,1.053
2824,23,1.038
2825,54,1.045
2826,0,1.046
2827,15,1.046
2828,50,1.044
2829,2,1.045
2830,8,1.045
2831,54,1.037
2832,26,1.037
2833,4,1.045
2834,51,1.045
2835,28,1.037
2836,12,1.043
2837,42,1.044
2838,35,1.053
2839,30,1.039
2840,18,1.038
2841,18,1.045
2842,39,1.023
2843,25,1.036
2844,0,1.044
2845,33,1.045
2846,41,1.053
2847,20,1.038
2848,23,1.052
2849,42,1.038
2850,43,1.044
2851,30,1.045
2852,7,1.045
2853,50,1.036
2854,16,1.044
2855,0,1.045
2856,45,1.045
2857,30,1.044
2858,0,1.045
2859,33,1.038
2860,38,1.044
2861,0,1.054
2862,17,1.044
2863,42,1.052
2864,31,1.044
2865,0,1.045
2866,29,1.038
2867,45,1.051
2868,42,1.037
2869,28,1.052
2870,1,1.045
2871,47,1.036
2872,34,1.044
2873,0,1.052
2874,26,1.044
2875,47,1.047
2876,41,1.038
2877,7,1.044
2878,41,1.045
2879,41,1.044
2880,31,1.03
2881,0,1.048
2882,28,1.044
2883,43,1.044
2884,7,1.05
2885,0,1.044
2886,40,1.022
2887,43,1.033
2888,26,1.046
2889,13,1.044
2890,44,1.051
2891,36,1.037
2892,35,1.045
2893,0,1.045
2894,15,1.046
2895,44,1.049
2896,43,1.05
2897,22,1.045
2898,25,1.044
2899,50,1.037
2900,32,1.044
2901,0,1.023
2902,25,1.031
2903,50,1.044
2904,0,1.046
2905,8,1.045
2906,51,1.037
2907,26,1.044
2908,0,1.045
2909,48,1.051
2910,31,1.029
2911,4,1.044
2912,48,1.044
2913,27,1.039
2914,36,1.045
2915,13,1.045
2916,29,1.044
2917,49,1.038
2918,0,1.045
2919,9,1.038
2920,51,1.036
2921,13,1.046
2922,0,1.044
2923,43,1.037
2924,23,1.044
2925,0,1.045
2926,37,1.038
2927,39,1.045
2928,0,1.037
2929,21,1.045
2930,43,1.044
2931,3,1.038
2932,5,1.045
2933,47,1.044
2934,19,1.038
2935,0,1.04
2936,39,1.039
2937,37,1.045
2938,44,1.052
2939,30,1.029
2940,0,1.053
2941,54,1.037
2942,18,1.047
2943,0,1.045
2944,37,1.038
2945,35,1.044
2946,0,1.037
2947,22,1.046
2948,44,1.056
2949,6,1.044
2950,0,1.044
2951,47,1.036
2952,47,1.044
2953,44,1.044
2954,0,1.037
2955,12,1.045
2956,11,1.03
2957,0,1.045
2958,0,1.038
2959,0,1.044
2960,0,1.044
2961,0,1.044
2962,0,1.037
2963,0,1.052
